{
    "scene_id": "scene0256_00",
    "pred": [
        1.1972764730453491,
        0.8530301451683044,
        1.1284165382385254,
        0.40789180994033813,
        0.6853913068771362,
        0.9993745684623718
    ],
    "gt": [
        1.2295668125152588,
        0.7084490656852722,
        0.8138896822929382,
        0.4835976356806039,
        1.0432489911127645,
        1.628428377085573,
        -0.0
    ]
}