{
    "scene_id": "scene0011_00",
    "pred": [
        -0.41866597533226013,
        0.1731664538383484,
        0.43615302443504333,
        1.1907384395599365,
        3.59713077545166,
        0.8356508612632751
    ],
    "gt": [
        -0.41852015256881714,
        0.18819040060043335,
        0.42873698472976685,
        1.1921371166019217,
        3.637919034746824,
        0.8583549315972802,
        -0.0
    ]
}