{
    "scene_id": "scene0580_00",
    "pred": [
        1.2023098468780518,
        -0.02682994306087494,
        0.8234485387802124,
        0.4226509928703308,
        1.001927137374878,
        1.8560104370117188
    ],
    "gt": [
        1.175952672958374,
        0.3138095438480377,
        0.9627591967582703,
        0.4814863525638895,
        2.163372082626524,
        2.157438047833679,
        -0.0
    ]
}