{
    "scene_id": "scene0591_00",
    "pred": [
        1.400956392288208,
        1.8859325647354126,
        1.0248266458511353,
        0.9381061792373657,
        0.749549150466919,
        2.081829786300659
    ],
    "gt": [
        1.4472551345825195,
        2.014558792114258,
        1.0279964208602905,
        0.8658775068020211,
        0.5366638767315057,
        2.0874621720033066,
        -0.0
    ]
}