{
    "scene_id": "scene0648_00",
    "pred": [
        1.4807562828063965,
        0.23291152715682983,
        0.8879532814025879,
        1.1764740943908691,
        2.246699333190918,
        0.8953976631164551
    ],
    "gt": [
        1.5258355140686035,
        0.25493258237838745,
        0.9099792242050171,
        1.1310309101011335,
        2.2439441690125417,
        0.8372900370777268,
        -0.0
    ]
}